file name,KNN-ROC,IForest-ROC,LOF-ROC,OCSVM-ROC
wave_benchmark_0001.csv,0.5514849992461933,0.5832453892155385,0.5190713101160862,0.5423388109955274
wave_benchmark_0002.csv,0.5121482430634272,0.4034300921590853,0.48302202947119416,0.4433492681484402
wave_benchmark_0003.csv,0.5017165033086224,0.48878053634509183,0.45529628339718387,0.4723618090452261
wave_benchmark_0004.csv,0.5634191176470589,0.5460069444444444,0.5311989379084968,0.5066380718954249
wave_benchmark_0005.csv,0.4441992742963617,0.47960184367951353,0.44008041580857116,0.45920368735902717
wave_benchmark_0006.csv,0.576265339312996,0.4960327238677247,0.534522694790794,0.479621507072101
wave_benchmark_0007.csv,0.5380217830565276,0.5338820166576315,0.5225469419939875,0.5315164358582622
wave_benchmark_0008.csv,0.52155,0.48724999999999996,0.4847,0.50885
wave_benchmark_0009.csv,0.556296333150903,0.5865465943579283,0.5546544604209165,0.5577889447236181
wave_benchmark_0010.csv,0.49949999999999994,0.48145,0.5063,0.49260000000000004
wave_benchmark_0011.csv,0.5615780965851687,0.5654677712669226,0.5173772479288745,0.540462719741362
wave_benchmark_0012.csv,0.48915626856803324,0.4592988710635769,0.4655872449990097,0.4541988512576748
wave_benchmark_0013.csv,0.55723378460295,0.51853909880784,0.5249545362699536,0.5056577086280056
wave_benchmark_0014.csv,0.5642997135534449,0.5516357605909845,0.549726116890296,0.5380672395597769
wave_benchmark_0015.csv,0.5340510893301508,0.511451932354883,0.5265349652125336,0.5196282565639124
wave_benchmark_0016.csv,0.5310819639177848,0.5521382984069552,0.5156540529674858,0.5515855068093873
wave_benchmark_0017.csv,0.5427312339077045,0.46895424836601307,0.5344127550009903,0.525599128540305
wave_benchmark_0018.csv,0.5427408412483039,0.5446504849489924,0.471832755414845,0.5070104025327906
wave_benchmark_0019.csv,0.5525109654526638,0.4591198068109014,0.5514267409196195,0.5179636291952098
wave_benchmark_0020.csv,0.579,0.5618,0.5669000000000001,0.5550499999999999
wave_benchmark_0021.csv,0.5585,0.5839000000000001,0.5105000000000001,0.5529000000000001
wave_benchmark_0022.csv,0.5730126657138632,0.5685772017150461,0.5283130451924498,0.5196885318614164
wave_benchmark_0023.csv,0.6504000000000001,0.6333,0.6231,0.66765
wave_benchmark_0024.csv,0.5746527777777777,0.5594362745098039,0.5373263888888888,0.568984885620915
wave_benchmark_0025.csv,0.5747672806496336,0.6071994454347396,0.5225787284610814,0.5684789067142009
wave_benchmark_0026.csv,0.5547896241830065,0.6140727124183006,0.5274714052287581,0.5954861111111112
wave_benchmark_0027.csv,0.5854499999999999,0.5854,0.54105,0.53885
wave_benchmark_0028.csv,0.5863190577103149,0.5610369129170568,0.5414715883889409,0.5894731654428071
wave_benchmark_0029.csv,0.5209447415329768,0.5278272925331748,0.4886611210140622,0.5188156070509011
wave_benchmark_0030.csv,0.5856,0.56345,0.53575,0.55985
wave_benchmark_0031.csv,0.599009900990099,0.6450292988482522,0.5622853101636694,0.599767629824207
wave_benchmark_0032.csv,0.589558681631202,0.6105327306891474,0.5384185668579554,0.5688893403077548
wave_benchmark_0033.csv,0.57055,0.58125,0.56605,0.58855
wave_benchmark_0034.csv,0.5378662244333886,0.5476657118448163,0.48967284788180315,0.5237449118046132
wave_benchmark_0035.csv,0.58965,0.57935,0.5557500000000001,0.6042500000000001
wave_benchmark_0036.csv,0.5871893311780159,0.6290664780763792,0.5823398666397253,0.6383107698524954
wave_benchmark_0037.csv,0.518931290113936,0.5947062042887705,0.49196477436688396,0.5370913975819692
wave_benchmark_0038.csv,0.5587,0.58875,0.5497,0.5557
wave_benchmark_0039.csv,0.5176164215686275,0.501531862745098,0.4872855392156863,0.5210375816993464
wave_benchmark_0040.csv,0.5450713523944949,0.6388197653750445,0.5237925956020517,0.5708191559595754
wave_benchmark_0041.csv,0.5295514245302081,0.5690038391594261,0.5124267528793696,0.5473833097595473
wave_benchmark_0042.csv,0.48799960573653334,0.5583263515844463,0.46818786654181654,0.5021438075994283
wave_benchmark_0043.csv,0.4924139272515075,0.5096284769500098,0.4969850223691889,0.5025286909161643
wave_benchmark_0044.csv,0.5327844008890685,0.5731966053748232,0.5279349363507778,0.5536472014548394
wave_benchmark_0045.csv,0.5479894928268337,0.5835017175186906,0.5437462113558295,0.521923620933522
wave_benchmark_0046.csv,0.5098263595203741,0.48365590327877006,0.47166525697795914,0.4876362008060102
wave_benchmark_0047.csv,0.5483,0.53545,0.5318499999999999,0.50995
wave_benchmark_0048.csv,0.5806205880859275,0.6099233152201513,0.5692448326646691,0.5545172921639329
wave_benchmark_0049.csv,0.5287185581303229,0.5640720934838582,0.5180728857199446,0.5070310952663893
wave_benchmark_0050.csv,0.5379667319965827,0.48208452686064623,0.5287200361827228,0.5044474596713402
wave_benchmark_0051.csv,0.541284855650803,0.5902551975564094,0.5339442309587151,0.5571977534732486
wave_benchmark_0052.csv,0.5017680339462518,0.46413416851889266,0.4861588199636291,0.46868054152354
wave_benchmark_0053.csv,0.5158921694480102,0.5420282413350449,0.49073170731707316,0.5260590500641849
wave_benchmark_0054.csv,0.5518051805180518,0.5378537853785379,0.5618061806180619,0.5396539653965396
wave_benchmark_0055.csv,0.551643889879184,0.5942760942760943,0.5202020202020202,0.5629332541097247
wave_benchmark_0056.csv,0.5746664050235478,0.503973704866562,0.5729493720565149,0.5432692307692308
wave_benchmark_0057.csv,0.5223277429783795,0.5082339866639726,0.534754495857749,0.45433420893109716
wave_benchmark_0058.csv,0.5188929738562091,0.5010212418300654,0.5383986928104576,0.5202205882352942
wave_benchmark_0059.csv,0.5118499999999999,0.48924999999999996,0.4809,0.4956
wave_benchmark_0060.csv,0.49004849464538286,0.5398565366740756,0.47645989088704793,0.4863103657304506
wave_benchmark_0061.csv,0.5900735294117647,0.4824857026143791,0.5614276960784313,0.5368157679738561
wave_benchmark_0062.csv,0.5625378864417054,0.47388361285108105,0.5320266720549606,0.4870680945645585
wave_benchmark_0063.csv,0.5399421055304454,0.5427352597633437,0.5237925956020517,0.5274998730384439
wave_benchmark_0064.csv,0.5609791993720565,0.5183477237048666,0.5531789638932496,0.540521978021978
wave_benchmark_0065.csv,0.5483048304830482,0.4741474147414742,0.5503050305030504,0.49149914991499144
wave_benchmark_0066.csv,0.5540981958892407,0.4822352882054375,0.5169103975074124,0.4968088848685863
wave_benchmark_0067.csv,0.4954012532848191,0.5060642813826561,0.5027289266221953,0.4965635738831615
wave_benchmark_0068.csv,0.46972486193342955,0.46440121399074585,0.46713766854072336,0.4754465396288373
wave_benchmark_0069.csv,0.48094804932282187,0.45704467353951883,0.4711946634323832,0.49540125328481904
wave_benchmark_0070.csv,0.4874,0.45515,0.4873,0.48345
wave_benchmark_0071.csv,0.5118525454635061,0.5093391158641762,0.5037208614656744,0.49741264600068996
wave_benchmark_0072.csv,0.49324086637519476,0.4285139956781748,0.45680687471732245,0.4731896075179657
wave_benchmark_0073.csv,0.56515,0.5701499999999999,0.5554,0.53525
wave_benchmark_0074.csv,0.5633293721529016,0.48861160625866507,0.5703109526638939,0.5392652010299069
wave_benchmark_0075.csv,0.5142544405194288,0.4352952883228022,0.5054977859595006,0.4668888999452709
wave_benchmark_0076.csv,0.5010526315789474,0.47948652118100127,0.45637997432605903,0.4781001283697048
wave_benchmark_0077.csv,0.52125,0.47859999999999997,0.5322,0.5214
wave_benchmark_0078.csv,0.48225,0.4677,0.49005,0.47245
wave_benchmark_0079.csv,0.5447900313971742,0.5266875981161696,0.5227629513343799,0.5262460753532182
wave_benchmark_0080.csv,0.5615808823529412,0.5964562908496731,0.556219362745098,0.5491727941176471
wave_benchmark_0081.csv,0.5698778833107192,0.6163123775064074,0.5241469420573899,0.5702296597818985
wave_benchmark_0082.csv,0.619950248756219,0.691542288557214,0.5865174129353234,0.6271144278606966
wave_benchmark_0083.csv,0.6330392784978562,0.6062293627716722,0.6077078507712779,0.6051451382386279
wave_benchmark_0084.csv,0.6255616830065359,0.49106413398692805,0.5530024509803921,0.5733251633986929
wave_benchmark_0085.csv,0.5387232745924534,0.5721903407648165,0.5074399471839928,0.5502005992585446
wave_benchmark_0086.csv,0.5263898662913442,0.535789685332261,0.4785362420830401,0.5049261083743842
wave_benchmark_0087.csv,0.6472568825510001,0.537928302634185,0.6275995246583481,0.6126460685284214
wave_benchmark_0088.csv,0.6135620915032679,0.6656454248366013,0.5487132352941176,0.5637765522875816
wave_benchmark_0089.csv,0.5921964745494157,0.5467419290948703,0.5575361457714398,0.5591206179441474
wave_benchmark_0090.csv,0.5437215290156467,0.5276787482669836,0.526985541691424,0.551693404634581
wave_benchmark_0091.csv,0.5880932433098418,0.6118969001034942,0.5628110985165836,0.5627618155832634
wave_benchmark_0092.csv,0.6132145877904374,0.5868948703915617,0.5856012736952086,0.5873426538633764
wave_benchmark_0093.csv,0.5500273645454997,0.6172446390367681,0.5410219413901188,0.5792327976516245
wave_benchmark_0094.csv,0.6130961354841952,0.5646012362430273,0.5612342328760239,0.6038494396703352
wave_benchmark_0095.csv,0.6489500000000001,0.6129500000000001,0.6167,0.577
wave_benchmark_0096.csv,0.5799000000000001,0.5757000000000001,0.54135,0.5922000000000001
wave_benchmark_0097.csv,0.5331748861160626,0.57585660526837,0.4944048326401267,0.5437215290156467
wave_benchmark_0098.csv,0.5574999999999999,0.5812,0.5603,0.57355
wave_benchmark_0099.csv,0.5540236928104576,0.5890522875816994,0.5280841503267973,0.5623978758169935
wave_benchmark_0100.csv,0.5416687201222218,0.6426987334286136,0.5380217830565275,0.5660637721157163
wave_benchmark_0101.csv,0.46958398744113033,0.43362441130298274,0.4588402668759811,0.42518642072213503
wave_benchmark_0102.csv,0.5794711824123588,0.5316894434541494,0.5866508219449397,0.5567934244404833
wave_benchmark_0103.csv,0.5490196078431373,0.5555044934640523,0.5279820261437909,0.5564746732026143
wave_benchmark_0104.csv,0.5210648615881996,0.4728733077389371,0.5171751869064457,0.5061628611840776
wave_benchmark_0105.csv,0.49539778098412857,0.4763918602915568,0.49843275784864927,0.5157470520921439
wave_benchmark_0106.csv,0.5987362555351012,0.554405691825464,0.5927160555251505,0.6065973431514007
wave_benchmark_0107.csv,0.541089108910891,0.499009900990099,0.5387128712871286,0.5256435643564357
wave_benchmark_0108.csv,0.5502,0.5361,0.55435,0.5468999999999999
wave_benchmark_0109.csv,0.5506068762378752,0.5023614849423594,0.5368950281854654,0.5285155654867706
wave_benchmark_0110.csv,0.52,0.54955,0.50285,0.51595
wave_benchmark_0111.csv,0.5548595675894119,0.573146090119216,0.5421802384320065,0.5578904829258436
wave_benchmark_0112.csv,0.5010844866763066,0.3865420367692625,0.5019107622392068,0.48218343317496387
wave_benchmark_0113.csv,0.5612244897959183,0.5661749848454233,0.5475348555263689,0.5336431602343907
wave_benchmark_0114.csv,0.59105,0.4817,0.57325,0.5614000000000001
wave_benchmark_0115.csv,0.5495298273545948,0.5661973232499129,0.5387332703119558,0.5370416438628788
wave_benchmark_0116.csv,0.5263480392156863,0.5401348039215685,0.5110294117647058,0.5019403594771242
wave_benchmark_0117.csv,0.5373134328358209,0.5112317201869441,0.5277652143323786,0.4958038092366451
wave_benchmark_0118.csv,0.5347112894215631,0.5339495200853182,0.545680767863491,0.506728962470164
wave_benchmark_0119.csv,0.5789930555555556,0.6092218137254901,0.538500816993464,0.5834354575163399
wave_benchmark_0120.csv,0.5681275709715098,0.4898176832055254,0.5207455182570717,0.5146005789446955
wave_benchmark_0121.csv,0.4319745222929936,0.39369426751592357,0.4663057324840765,0.41847133757961785
wave_benchmark_0122.csv,0.4156687898089172,0.40114649681528664,0.4759235668789809,0.423312101910828
wave_benchmark_0123.csv,0.4845360824742268,0.45159826233547296,0.5544965311547688,0.4681968488620891
wave_benchmark_0124.csv,0.49850708341274375,0.44851025983101456,0.5391652372784448,0.4762086271520234
wave_benchmark_0125.csv,0.4882386327804754,0.4596077442139118,0.5301759475310588,0.4826890332345336
wave_benchmark_0126.csv,0.4827031893004115,0.4125514403292181,0.49575617283950624,0.4483024691358025
wave_benchmark_0127.csv,0.4622929936305733,0.4528662420382165,0.5193630573248408,0.4879617834394904
wave_benchmark_0128.csv,0.4687974683544304,0.4291139240506329,0.499746835443038,0.4459493670886076
wave_benchmark_0129.csv,0.4822872545244513,0.4561031959953793,0.5354896675651393,0.47201899627775634
wave_benchmark_0130.csv,0.5407534464138237,0.4705546026300743,0.5952607839400291,0.5024458420684836
wave_benchmark_0131.csv,0.47146247033845384,0.41832146871487447,0.532034469838891,0.42294242537779436
wave_benchmark_0132.csv,0.5211578482689033,0.41672447499527027,0.5566626726366904,0.471022261461815
wave_benchmark_0133.csv,0.4731795964406567,0.470735681163053,0.5260057651334754,0.47806742699586413
wave_benchmark_0134.csv,0.47578616352201264,0.41157232704402513,0.5131446540880504,0.4347798742138365
wave_benchmark_0135.csv,0.5320707070707071,0.46395202020202025,0.556439393939394,0.4833333333333334
wave_benchmark_0136.csv,0.4991895221422551,0.4497179537055047,0.5350450625688907,0.449847630162744
wave_benchmark_0137.csv,0.5101548616400102,0.4285351612084285,0.5253236862147754,0.4899086062452399
wave_benchmark_0138.csv,0.4489693313222725,0.45927601809954754,0.4855455002513826,0.4326923076923077
wave_benchmark_0139.csv,0.5444947209653092,0.520676219205631,0.6079688285570638,0.5305429864253393
wave_benchmark_0140.csv,0.5519188807598511,0.5567321268129893,0.5693749197792324,0.5553844179181107
wave_benchmark_0141.csv,0.5071824775992035,0.5100270231830466,0.5504195704736168,0.48840847674583987
wave_benchmark_0142.csv,0.5186836518046709,0.4859872611464968,0.5722576079263977,0.48152866242038217
wave_benchmark_0143.csv,0.5208073241781106,0.46150645027049525,0.5512553752254127,0.4967401858787626
wave_benchmark_0144.csv,0.5128551136363637,0.5135653409090909,0.5512073863636364,0.509375
wave_benchmark_0145.csv,0.5276003973321981,0.544841776642543,0.5759897828863346,0.5367532283241097
wave_benchmark_0146.csv,0.49996466680799945,0.5389725107766236,0.5509857960568159,0.512684615928203
wave_benchmark_0147.csv,0.5727530077848549,0.5995046001415428,0.6164897381457891,0.5951875442321302
wave_benchmark_0148.csv,0.46710897797854317,0.515810276679842,0.5237859966120835,0.49378881987577644
wave_benchmark_0149.csv,0.5145723841376015,0.49368643778581667,0.5417377653402499,0.5251518667667736
wave_benchmark_0150.csv,0.492807055591701,0.5100845803513337,0.5700137352707294,0.49793970939058774
wave_benchmark_0151.csv,0.4803545257868658,0.5234140554121013,0.5485379300718821,0.507223113964687
wave_benchmark_0152.csv,0.5220177232447172,0.6001363326516701,0.5854805725971371,0.5841854124062712
wave_benchmark_0153.csv,0.48234280792420325,0.5254091300602928,0.5414872236577664,0.5297875394774619
wave_benchmark_0154.csv,0.5267831770389315,0.5129298096050013,0.575234441602728,0.5019181585677749
wave_benchmark_0155.csv,0.5293460813734384,0.5798729848558867,0.5736618047316631,0.5978784283620628
wave_benchmark_0156.csv,0.5224267211997273,0.45480572597137015,0.5798227675528289,0.510906612133606
wave_benchmark_0157.csv,0.5386363636363636,0.4805397727272728,0.5982954545454546,0.5590198863636364
wave_benchmark_0158.csv,0.5449336128581411,0.4378057302585604,0.5866526904262752,0.4981132075471698
wave_benchmark_0159.csv,0.6309702291711287,0.6014135789248232,0.6492468051688441,0.5993431855500821
wave_benchmark_0160.csv,0.5653760824447148,0.5164245330279826,0.6099620697058613,0.5476991340442281
wave_benchmark_0161.csv,0.5434216377612605,0.5734705546026302,0.6002159964424115,0.5646401118099231
wave_benchmark_0162.csv,0.5358617622768567,0.5296995108315863,0.5796328060479004,0.5124197954386635
wave_benchmark_0163.csv,0.5104487179487179,0.47512820512820514,0.5612179487179487,0.507948717948718
wave_benchmark_0164.csv,0.5014465408805031,0.4925157232704403,0.550880503144654,0.49534591194968547
wave_benchmark_0165.csv,0.5111392405063291,0.4816455696202532,0.5550632911392405,0.4821518987341772
wave_benchmark_0166.csv,0.38857466063348417,0.3865635997988939,0.4693941679235797,0.4325666163901458
wave_benchmark_0167.csv,0.4591139240506329,0.45594936708860756,0.5026582278481013,0.4624050632911393
wave_benchmark_0168.csv,0.49999999999999994,0.4175297276563099,0.5344585091420535,0.46471039509014195
wave_benchmark_0169.csv,0.5273392375818253,0.490180978051598,0.5745090489025799,0.49191374663072773
wave_benchmark_0170.csv,0.4266414141414141,0.45258838383838385,0.48207070707070715,0.44943181818181815
wave_benchmark_0171.csv,0.5387418488684311,0.43006009461705663,0.573967523334612,0.49731492136555433
wave_benchmark_0172.csv,0.4810126582278481,0.4568354430379747,0.5406962025316456,0.4916455696202532
wave_benchmark_0173.csv,0.49175257731958766,0.46462628865979383,0.5199742268041236,0.4769329896907217
wave_benchmark_0174.csv,0.44452830188679243,0.3923899371069183,0.4989937106918239,0.43295597484276727
wave_benchmark_0175.csv,0.4621053300298584,0.4107108824089956,0.5282383584270377,0.4286894098214853
wave_benchmark_0176.csv,0.5019894750352971,0.4835066101912463,0.529842125529457,0.4682325760492877
wave_benchmark_0177.csv,0.3930171769977595,0.3917102315160568,0.43496390341050534,0.43079412496888225
wave_benchmark_0178.csv,0.5066548358473825,0.4390290277601724,0.517365952592217,0.4922043351502091
wave_benchmark_0179.csv,0.5312738853503185,0.47815286624203823,0.5612101910828026,0.5230573248407643
wave_benchmark_0180.csv,0.48905845998612596,0.46553572554707695,0.5139685943116605,0.4771394336885918
wave_benchmark_0181.csv,0.48248106060606055,0.44270833333333326,0.4919507575757576,0.47632575757575757
wave_benchmark_0182.csv,0.49489795918367346,0.4744897959183673,0.4587198515769944,0.47356215213358066
wave_benchmark_0183.csv,0.4499288087327954,0.36924537256763174,0.4883720930232558,0.38965353583293777
wave_benchmark_0184.csv,0.44375889890840053,0.48694826767916466,0.4518272425249169,0.46511627906976744
wave_benchmark_0185.csv,0.4962894248608535,0.5166975881261595,0.4846938775510204,0.5069573283858997
wave_benchmark_0186.csv,0.4285714285714286,0.3900226757369615,0.49160997732426304,0.4417233560090702
wave_benchmark_0187.csv,0.5939814814814814,0.5467592592592593,0.5824074074074074,0.5745370370370371
wave_benchmark_0188.csv,0.5700371057513914,0.5691094619666047,0.5630797773654916,0.5728200371057514
wave_benchmark_0189.csv,0.5491219743711437,0.5253915519696251,0.5913621262458472,0.5453251067869008
wave_benchmark_0190.csv,0.40279069767441855,0.48511627906976745,0.4269767441860465,0.46976744186046515
wave_benchmark_0191.csv,0.4390128144280968,0.4432842904603702,0.41765543426672996,0.4119601328903655
wave_benchmark_0192.csv,0.43996203132415757,0.482202183198861,0.43474133839582346,0.4100616990982439
wave_benchmark_0193.csv,0.40677179962894255,0.401669758812616,0.4350649350649351,0.4313543599257885
wave_benchmark_0194.csv,0.5712209302325582,0.5058139534883721,0.5537790697674418,0.5208333333333334
wave_benchmark_0195.csv,0.437037037037037,0.425462962962963,0.46064814814814814,0.43148148148148147
wave_benchmark_0196.csv,0.5275443510737629,0.4976657329598506,0.5438842203548087,0.5247432306255835
wave_benchmark_0197.csv,0.6204444444444444,0.5231111111111111,0.6155555555555555,0.6271111111111112
wave_benchmark_0198.csv,0.4708333333333333,0.4125,0.48564814814814816,0.4652777777777778
wave_benchmark_0199.csv,0.48390151515151514,0.4242424242424242,0.47443181818181823,0.4862689393939394
wave_benchmark_0200.csv,0.47392290249433106,0.43582766439909293,0.45895691609977324,0.44353741496598637
wave_benchmark_0201.csv,0.3623809523809524,0.37,0.3695238095238095,0.3566666666666667
wave_benchmark_0202.csv,0.5581395348837209,0.5144755576649265,0.5448504983388704,0.5253915519696251
wave_benchmark_0203.csv,0.5602968460111317,0.511595547309833,0.5199443413729128,0.5
wave_benchmark_0204.csv,0.5372567631703844,0.5856668248694827,0.5614617940199336,0.5757000474608448
wave_benchmark_0205.csv,0.4243970315398887,0.487012987012987,0.43645640074211506,0.47634508348794063
wave_benchmark_0206.csv,0.46274323682961555,0.44992880873279545,0.4560987185571903,0.449454200284765
wave_benchmark_0207.csv,0.5316279069767442,0.46976744186046515,0.49906976744186043,0.4558139534883721
wave_benchmark_0208.csv,0.3902325581395349,0.37023255813953493,0.4009302325581395,0.3874418604651163
wave_benchmark_0209.csv,0.47230320699708456,0.5340136054421769,0.4586977648202138,0.509232264334305
wave_benchmark_0210.csv,0.48772727272727273,0.40136363636363637,0.46181818181818185,0.46090909090909093
wave_benchmark_0211.csv,0.48454545454545456,0.4204545454545454,0.4786363636363636,0.459090909090909
wave_benchmark_0212.csv,0.5161904761904762,0.46523809523809523,0.5442857142857143,0.49857142857142855
wave_benchmark_0213.csv,0.5173232083531086,0.47413383958234456,0.48172757475083056,0.4708115804461319
wave_benchmark_0214.csv,0.5330232558139535,0.4967441860465116,0.5144186046511628,0.5116279069767442
wave_benchmark_0215.csv,0.5920930232558139,0.6116279069767443,0.5855813953488372,0.5855813953488371
wave_benchmark_0216.csv,0.5930232558139534,0.5674418604651164,0.5516279069767441,0.5348837209302326
wave_benchmark_0217.csv,0.5468460111317255,0.45315398886827457,0.50556586270872,0.4800556586270872
wave_benchmark_0218.csv,0.47982914095870904,0.4489795918367347,0.49596582819174184,0.5154247745609872
wave_benchmark_0219.csv,0.6302325581395348,0.6213953488372093,0.5934883720930232,0.6502325581395348
wave_benchmark_0220.csv,0.5482954545454546,0.45407196969696967,0.5539772727272727,0.5336174242424243
wave_benchmark_0221.csv,0.5792682926829268,0.5833333333333334,0.5579268292682927,0.5640243902439024
wave_benchmark_0222.csv,0.5004878048780488,0.5078048780487805,0.4770731707317073,0.48487804878048785
wave_benchmark_0223.csv,0.4864736592311343,0.502610346464167,0.4997626957759848,0.5040341718082582
wave_benchmark_0224.csv,0.4980563654033042,0.5048590864917396,0.5019436345966958,0.5208940719144801
wave_benchmark_0225.csv,0.5204545454545455,0.5140909090909092,0.5259090909090909,0.505
wave_benchmark_0226.csv,0.4632936507936508,0.4598214285714286,0.44047619047619047,0.439484126984127
wave_benchmark_0227.csv,0.6170212765957447,0.594294003868472,0.629110251450677,0.629110251450677
wave_benchmark_0228.csv,0.4684601113172542,0.4958256029684601,0.4619666048237477,0.4865491651205937
wave_benchmark_0229.csv,0.4038825757575758,0.3631628787878788,0.4095643939393939,0.38967803030303033
wave_benchmark_0230.csv,0.5260416666666666,0.45075757575757575,0.5198863636363636,0.481060606060606
wave_benchmark_0231.csv,0.42572377788324633,0.5111532985287138,0.41148552444233505,0.45562411010916
wave_benchmark_0232.csv,0.4067717996289425,0.3979591836734694,0.40723562152133574,0.3974953617810761
wave_benchmark_0233.csv,0.5967441860465117,0.4986046511627907,0.5776744186046512,0.5125581395348837
wave_benchmark_0234.csv,0.4616780045351474,0.510657596371882,0.47165532879818595,0.46303854875283446
wave_benchmark_0235.csv,0.41575700047460845,0.3730422401518747,0.4076886568580921,0.37019458946369244
wave_benchmark_0236.csv,0.5396298054105363,0.5913621262458472,0.5277645942097768,0.5092548647365924
wave_benchmark_0237.csv,0.43459302325581395,0.5222868217054264,0.4573643410852713,0.4680232558139535
wave_benchmark_0238.csv,0.46944444444444444,0.5037037037037037,0.4851851851851852,0.5125000000000001
wave_benchmark_0239.csv,0.5205673758865248,0.4832151300236406,0.5375886524822695,0.5082742316784871
wave_benchmark_0240.csv,0.43425925925925923,0.4013888888888889,0.4236111111111111,0.41666666666666663
wave_benchmark_0289.csv,0.4294871794871795,0.3782051282051282,0.3782051282051282,0.4423076923076923
wave_benchmark_0601.csv,0.9966666666666667,0.5533333333333333,1.0,0.8333333333333334
wave_benchmark_0602.csv,0.54,0.89,0.5266666666666666,0.8200000000000001
wave_benchmark_0603.csv,0.6166666666666667,0.92,0.44666666666666666,0.85
wave_benchmark_0604.csv,0.5833333333333333,0.89,0.5433333333333333,0.7766666666666666
wave_benchmark_0605.csv,0.7633333333333333,0.7733333333333333,0.7466666666666666,0.7866666666666666
wave_benchmark_0606.csv,0.2466666666666667,0.5266666666666666,0.18000000000000005,0.4766666666666667
wave_benchmark_0607.csv,0.92,0.9366666666666666,0.88,0.9533333333333334
wave_benchmark_0608.csv,0.18000000000000005,0.32333333333333336,0.11333333333333329,0.06999999999999995
wave_benchmark_0609.csv,0.9966666666666667,0.76,0.9966666666666667,0.8033333333333333
wave_benchmark_0610.csv,0.9,0.9666666666666667,0.8633333333333333,0.95
wave_benchmark_0611.csv,0.6033333333333333,0.6,0.6733333333333333,0.33999999999999997
wave_benchmark_0612.csv,0.8866666666666667,0.99,0.8233333333333334,0.9633333333333334
wave_benchmark_0613.csv,1.0,0.9466666666666667,1.0,0.9833333333333333
wave_benchmark_0614.csv,0.9266666666666666,0.6833333333333333,0.9333333333333333,0.5566666666666666
wave_benchmark_0615.csv,0.17000000000000004,0.9299999999999999,0.21666666666666667,0.6333333333333333
wave_benchmark_0616.csv,0.8566666666666667,0.31333333333333335,0.8566666666666667,0.16000000000000003
wave_benchmark_0617.csv,0.28,0.9366666666666666,0.20333333333333337,0.7933333333333333
wave_benchmark_0618.csv,0.6733333333333333,0.8933333333333333,0.6733333333333333,0.8533333333333333
wave_benchmark_0619.csv,0.26,0.22999999999999998,0.32333333333333336,0.15333333333333332
wave_benchmark_0620.csv,0.16666666666666663,0.6833333333333333,0.2766666666666666,0.48
wave_benchmark_0621.csv,0.78,0.8833333333333333,0.79,0.8666666666666667
wave_benchmark_0622.csv,0.6333333333333333,0.8566666666666667,0.5833333333333333,0.8
wave_benchmark_0623.csv,0.6833333333333333,0.9833333333333333,0.6,0.9133333333333333
wave_benchmark_0624.csv,0.9299999999999999,0.9833333333333333,0.9333333333333333,0.9866666666666667
wave_benchmark_0625.csv,0.7666666666666666,0.7033333333333334,0.79,0.78
wave_benchmark_0626.csv,0.6,0.72,0.7733333333333333,0.5733333333333333
wave_benchmark_0627.csv,0.8633333333333333,0.95,0.8433333333333333,0.9166666666666666
wave_benchmark_0628.csv,0.8433333333333333,0.7033333333333334,0.9266666666666666,0.6966666666666667
wave_benchmark_0629.csv,0.52,0.9433333333333334,0.5166666666666666,0.7933333333333333
wave_benchmark_0630.csv,0.18666666666666665,0.44999999999999996,0.19333333333333336,0.32999999999999996
wave_benchmark_0631.csv,0.32666666666666666,0.9633333333333334,0.27,0.8733333333333333
wave_benchmark_0632.csv,0.7166666666666667,0.7566666666666666,0.69,0.7133333333333334
wave_benchmark_0633.csv,0.8200000000000001,0.42000000000000004,0.8633333333333333,0.3733333333333333
wave_benchmark_0634.csv,0.88,0.9333333333333333,0.83,0.9833333333333333
wave_benchmark_0635.csv,0.7333333333333334,0.9766666666666667,0.6366666666666667,0.9066666666666666
wave_benchmark_0636.csv,0.42666666666666664,0.69,0.32999999999999996,0.54
wave_benchmark_0637.csv,0.7866666666666666,0.8766666666666667,0.7033333333333334,0.9066666666666666
wave_benchmark_0638.csv,0.8833333333333333,0.8833333333333333,0.8566666666666667,0.83
wave_benchmark_0639.csv,0.6833333333333333,0.96,0.63,0.9266666666666666
wave_benchmark_0640.csv,1.0,0.9766666666666667,1.0,0.9933333333333333
wave_benchmark_0641.csv,0.99,0.5233333333333333,0.9966666666666667,0.5833333333333333
wave_benchmark_0642.csv,0.7033333333333334,0.76,0.7533333333333333,0.74
wave_benchmark_0643.csv,0.8066666666666666,0.6,0.7466666666666666,0.6466666666666667
wave_benchmark_0644.csv,0.9966666666666667,0.8766666666666667,0.9966666666666667,0.9233333333333333
wave_benchmark_0645.csv,0.9833333333333333,0.7133333333333334,0.9833333333333333,0.7133333333333334
wave_benchmark_0646.csv,0.7566666666666666,0.6933333333333334,0.7566666666666666,0.55
wave_benchmark_0647.csv,0.8666666666666667,0.8833333333333333,0.9233333333333333,0.7966666666666666
wave_benchmark_0648.csv,1.0,0.7866666666666666,1.0,0.8966666666666667
wave_benchmark_0649.csv,0.99,0.5933333333333333,0.9866666666666667,0.8566666666666667
wave_benchmark_0650.csv,1.0,0.96,1.0,0.96
wave_benchmark_0651.csv,0.30666666666666664,0.45666666666666667,0.42333333333333334,0.2466666666666667
wave_benchmark_0652.csv,0.6699999999999999,0.8,0.6966666666666667,0.75
wave_benchmark_0653.csv,0.9166666666666666,0.9566666666666667,0.9133333333333333,0.96
wave_benchmark_0654.csv,0.9,0.6366666666666667,0.9433333333333334,0.16333333333333333
wave_benchmark_0655.csv,0.7633333333333333,0.9533333333333334,0.6766666666666667,0.8366666666666667
wave_benchmark_0656.csv,0.8733333333333333,0.7266666666666667,0.8733333333333333,0.76
wave_benchmark_0657.csv,0.8933333333333333,0.9866666666666667,0.8866666666666667,0.98
wave_benchmark_0658.csv,0.5133333333333333,0.64,0.4866666666666667,0.5666666666666667
wave_benchmark_0659.csv,0.32333333333333336,0.71,0.5533333333333333,0.6433333333333333
wave_benchmark_0660.csv,0.8733333333333333,0.9,0.8466666666666667,0.89
wave_benchmark_0661.csv,0.69,0.9333333333333333,0.8666666666666667,0.81
wave_benchmark_0662.csv,0.9366666666666666,0.9933333333333333,0.9166666666666666,0.9966666666666667
wave_benchmark_0663.csv,0.9166666666666666,0.32333333333333336,0.9,0.49
wave_benchmark_0664.csv,0.5700000000000001,0.6633333333333333,0.6833333333333333,0.5233333333333333
wave_benchmark_0665.csv,0.91,0.97,0.8233333333333334,0.9533333333333334
wave_benchmark_0666.csv,0.6066666666666667,0.2666666666666667,0.6333333333333333,0.16333333333333333
wave_benchmark_0667.csv,0.9466666666666667,0.9533333333333334,0.9433333333333334,0.9166666666666666
wave_benchmark_0668.csv,0.5833333333333333,0.6066666666666667,0.6133333333333333,0.5900000000000001
wave_benchmark_0669.csv,0.98,0.7433333333333334,0.99,0.6766666666666667
wave_benchmark_0670.csv,0.5566666666666666,0.2466666666666667,0.5666666666666667,0.4766666666666667
wave_benchmark_0671.csv,0.83,0.84,0.8266666666666667,0.8633333333333333
wave_benchmark_0672.csv,0.13,0.15000000000000002,0.15666666666666662,0.1266666666666667
wave_benchmark_0673.csv,1.0,0.73,1.0,0.8133333333333334
wave_benchmark_0674.csv,0.87,0.53,0.9333333333333333,0.62
wave_benchmark_0675.csv,0.42333333333333334,0.42000000000000004,0.5666666666666667,0.6766666666666667
wave_benchmark_0676.csv,0.9933333333333333,0.6833333333333333,0.9933333333333333,0.7766666666666666
wave_benchmark_0677.csv,0.9666666666666667,0.8266666666666667,0.9766666666666667,0.5633333333333334
wave_benchmark_0678.csv,0.2633333333333333,0.8633333333333333,0.18000000000000005,0.7433333333333334
wave_benchmark_0679.csv,0.9966666666666667,0.7766666666666666,0.9933333333333333,0.7566666666666666
wave_benchmark_0680.csv,0.6633333333333333,0.94,0.4833333333333333,0.7933333333333333
wave_benchmark_0681.csv,0.9933333333333333,0.6799999999999999,0.9933333333333333,0.6166666666666667
wave_benchmark_0682.csv,0.8566666666666667,0.85,0.8166666666666667,0.8633333333333333
wave_benchmark_0683.csv,0.9166666666666666,0.6266666666666667,0.95,0.5533333333333333
wave_benchmark_0684.csv,0.97,0.7333333333333334,0.9733333333333334,0.6733333333333333
wave_benchmark_0685.csv,0.79,0.8466666666666667,0.71,0.8133333333333334
wave_benchmark_0686.csv,0.8466666666666667,0.61,0.91,0.51
wave_benchmark_0687.csv,0.88,0.9433333333333334,0.8033333333333333,0.9
wave_benchmark_0688.csv,0.6633333333333333,0.8666666666666667,0.56,0.8433333333333333
wave_benchmark_0689.csv,0.45333333333333337,0.7866666666666666,0.6033333333333333,0.9
wave_benchmark_0690.csv,0.9766666666666667,0.4833333333333333,0.9833333333333333,0.5566666666666666
wave_benchmark_0691.csv,1.0,0.9733333333333334,0.9933333333333333,0.99
wave_benchmark_0692.csv,0.85,0.4066666666666666,0.8333333333333334,0.65
wave_benchmark_0693.csv,0.97,0.9766666666666667,0.9533333333333334,0.97
wave_benchmark_0694.csv,0.9933333333333333,0.72,0.99,0.9333333333333333
wave_benchmark_0695.csv,0.9866666666666667,0.8533333333333333,0.98,0.9333333333333333
wave_benchmark_0696.csv,0.31333333333333335,0.96,0.2366666666666667,0.8166666666666667
wave_benchmark_0697.csv,0.7766666666666666,0.9866666666666667,0.7666666666666666,0.9166666666666666
wave_benchmark_0698.csv,0.74,0.85,0.76,0.94
wave_benchmark_0699.csv,0.9933333333333333,0.4866666666666667,0.9933333333333333,0.6133333333333333
wave_benchmark_0700.csv,0.9433333333333334,0.86,0.9566666666666667,0.97
wave_benchmark_0701.csv,0.9733333333333334,0.9266666666666666,0.9833333333333333,0.9466666666666667
wave_benchmark_0702.csv,0.8333333333333334,0.5833333333333333,0.8833333333333333,0.2533333333333333
wave_benchmark_0703.csv,0.9833333333333333,0.8166666666666667,0.9833333333333333,0.5933333333333333
wave_benchmark_0704.csv,0.2866666666666666,0.71,0.45999999999999996,0.64
wave_benchmark_0705.csv,1.0,0.5700000000000001,1.0,0.8966666666666667
wave_benchmark_0706.csv,0.9066666666666666,0.9133333333333333,0.83,0.9666666666666667
wave_benchmark_0707.csv,0.7133333333333334,0.9299999999999999,0.5866666666666667,0.81
wave_benchmark_0708.csv,0.96,0.84,0.96,0.8266666666666667
wave_benchmark_0709.csv,0.6799999999999999,0.30666666666666664,0.86,0.5133333333333333
wave_benchmark_0710.csv,0.55,0.76,0.5233333333333333,0.61
wave_benchmark_0711.csv,0.9433333333333334,0.6133333333333333,0.9566666666666667,0.5933333333333333
wave_benchmark_0712.csv,0.81,0.16000000000000003,0.8633333333333333,0.17666666666666664
wave_benchmark_0713.csv,0.8233333333333334,0.9066666666666666,0.6966666666666667,0.8633333333333333
wave_benchmark_0714.csv,0.9366666666666666,0.8633333333333333,0.9299999999999999,0.89
wave_benchmark_0715.csv,0.6366666666666667,0.5833333333333333,0.5800000000000001,0.78
wave_benchmark_0716.csv,1.0,0.95,1.0,0.94
wave_benchmark_0717.csv,0.94,0.8766666666666667,0.9566666666666667,0.9066666666666666
wave_benchmark_0718.csv,0.22666666666666668,0.9,0.24,0.44999999999999996
wave_benchmark_0719.csv,0.7866666666666666,0.84,0.72,0.8233333333333334
wave_benchmark_0720.csv,0.4666666666666667,0.5466666666666666,0.5633333333333334,0.6066666666666667
wave_benchmark_0901.csv,0.9477777777777778,0.5933333333333333,0.9244444444444445,0.6566666666666666
wave_benchmark_0902.csv,0.6477777777777778,0.7488888888888888,0.5966666666666667,0.7266666666666666
wave_benchmark_0903.csv,0.5855555555555555,0.6277777777777778,0.6577777777777777,0.6233333333333333
wave_benchmark_0904.csv,0.9177777777777778,0.9266666666666666,0.9077777777777778,0.9411111111111111
wave_benchmark_0905.csv,0.7911111111111111,0.7855555555555556,0.7333333333333333,0.7677777777777779
wave_benchmark_0906.csv,0.8522222222222222,0.8777777777777778,0.8688888888888888,0.8644444444444443
wave_benchmark_0907.csv,0.9366666666666666,0.7944444444444445,0.9266666666666666,0.8666666666666666
wave_benchmark_0908.csv,0.8944444444444444,0.8188888888888889,0.88,0.7022222222222221
wave_benchmark_0909.csv,0.7911111111111111,0.71,0.7722222222222221,0.6022222222222222
wave_benchmark_0910.csv,0.7577777777777777,0.7344444444444445,0.7922222222222222,0.6322222222222221
wave_benchmark_0911.csv,0.7888888888888889,0.6155555555555556,0.8144444444444445,0.47333333333333333
wave_benchmark_0912.csv,0.5277777777777777,0.7811111111111112,0.5188888888888888,0.6644444444444444
wave_benchmark_0913.csv,0.7388888888888889,0.7155555555555556,0.7455555555555555,0.6577777777777778
wave_benchmark_0914.csv,0.6022222222222222,0.6088888888888888,0.6388888888888888,0.5833333333333334
wave_benchmark_0915.csv,0.35444444444444445,0.7511111111111112,0.36444444444444446,0.6755555555555556
wave_benchmark_0916.csv,0.6744444444444444,0.7766666666666666,0.6811111111111111,0.7266666666666667
wave_benchmark_0917.csv,0.9066666666666666,0.7288888888888889,0.9377777777777778,0.7355555555555555
wave_benchmark_0918.csv,0.8044444444444444,0.7977777777777777,0.7822222222222223,0.8133333333333332
wave_benchmark_0919.csv,0.6211111111111111,0.8133333333333334,0.6155555555555555,0.7522222222222222
wave_benchmark_0920.csv,0.591111111111111,0.7077777777777776,0.6155555555555555,0.61
wave_benchmark_0921.csv,0.8333333333333333,0.5955555555555556,0.8266666666666667,0.6177777777777778
wave_benchmark_0922.csv,0.5922222222222222,0.8211111111111111,0.6177777777777778,0.7
wave_benchmark_0923.csv,0.7233333333333334,0.7777777777777778,0.7233333333333334,0.8477777777777779
wave_benchmark_0924.csv,0.6677777777777777,0.6633333333333333,0.6244444444444444,0.5955555555555556
wave_benchmark_0925.csv,0.658888888888889,0.46555555555555556,0.6411111111111111,0.4255555555555555
wave_benchmark_0926.csv,0.7033333333333334,0.7955555555555555,0.6988888888888889,0.7888888888888888
wave_benchmark_0927.csv,0.811111111111111,0.9011111111111111,0.8033333333333333,0.8211111111111111
wave_benchmark_0928.csv,0.5599999999999999,0.7066666666666667,0.5211111111111111,0.6744444444444445
wave_benchmark_0929.csv,0.7566666666666667,0.7277777777777777,0.6888888888888889,0.7266666666666666
wave_benchmark_0930.csv,0.7566666666666666,0.6377777777777778,0.7511111111111111,0.5488888888888889
wave_benchmark_0931.csv,0.22777777777777777,0.5788888888888888,0.23777777777777775,0.4177777777777778
wave_benchmark_0932.csv,0.6455555555555555,0.92,0.7177777777777777,0.8288888888888889
wave_benchmark_0933.csv,0.7577777777777777,0.8055555555555555,0.7511111111111111,0.73
wave_benchmark_0934.csv,0.9922222222222222,0.8266666666666667,0.9933333333333333,0.9033333333333333
wave_benchmark_0935.csv,0.6622222222222223,0.8844444444444444,0.6088888888888889,0.81
wave_benchmark_0936.csv,0.6544444444444444,0.6811111111111111,0.6566666666666666,0.7122222222222222
wave_benchmark_0937.csv,0.8022222222222222,0.9344444444444444,0.7422222222222222,0.8922222222222222
wave_benchmark_0938.csv,0.8111111111111111,0.7733333333333333,0.8466666666666667,0.8333333333333333
wave_benchmark_0939.csv,0.8588888888888889,0.8866666666666666,0.8300000000000001,0.9255555555555556
wave_benchmark_0940.csv,0.5022222222222222,0.7822222222222223,0.42999999999999994,0.7411111111111112
wave_benchmark_0941.csv,0.6755555555555555,0.5488888888888889,0.6866666666666666,0.42666666666666664
wave_benchmark_0942.csv,0.6488888888888888,0.4955555555555555,0.5666666666666667,0.47111111111111115
wave_benchmark_0943.csv,0.9255555555555555,0.8588888888888889,0.9088888888888889,0.8333333333333334
wave_benchmark_0944.csv,0.6877777777777777,0.7344444444444445,0.5733333333333334,0.701111111111111
wave_benchmark_0945.csv,0.8166666666666667,0.8188888888888888,0.8188888888888889,0.6744444444444444
wave_benchmark_0946.csv,0.6177777777777778,0.7455555555555556,0.6066666666666667,0.62
wave_benchmark_0947.csv,0.7144444444444444,0.5588888888888889,0.7577777777777777,0.5044444444444444
wave_benchmark_0948.csv,0.6877777777777778,0.92,0.5955555555555556,0.8766666666666666
wave_benchmark_0949.csv,0.9722222222222222,0.8366666666666666,0.9666666666666667,0.7333333333333334
wave_benchmark_0950.csv,0.8311111111111111,0.9211111111111111,0.8077777777777778,0.8822222222222222
wave_benchmark_0951.csv,0.6822222222222222,0.6833333333333333,0.7811111111111111,0.6711111111111111
wave_benchmark_0952.csv,0.6533333333333333,0.7155555555555555,0.6855555555555556,0.7222222222222221
wave_benchmark_0953.csv,0.6577777777777778,0.5522222222222222,0.6788888888888888,0.5211111111111111
wave_benchmark_0954.csv,0.7277777777777777,0.7633333333333333,0.741111111111111,0.7811111111111111
wave_benchmark_0955.csv,0.7333333333333333,0.7344444444444443,0.7633333333333334,0.6688888888888889
wave_benchmark_0956.csv,0.7555555555555554,0.5677777777777778,0.7122222222222222,0.4388888888888889
wave_benchmark_0957.csv,0.9777777777777777,0.8044444444444444,0.9666666666666667,0.8522222222222223
wave_benchmark_0958.csv,0.7500000000000001,0.5955555555555555,0.8,0.5444444444444445
wave_benchmark_0959.csv,0.9355555555555556,0.7155555555555556,0.9411111111111111,0.701111111111111
wave_benchmark_0960.csv,0.6188888888888888,0.8311111111111111,0.5988888888888888,0.6744444444444444
wave_benchmark_0961.csv,0.6244444444444444,0.5411111111111111,0.68,0.4911111111111111
wave_benchmark_0962.csv,0.7299999999999999,0.8033333333333333,0.6811111111111111,0.768888888888889
wave_benchmark_0963.csv,0.7344444444444445,0.48444444444444434,0.7122222222222222,0.4122222222222222
wave_benchmark_0964.csv,0.8188888888888889,0.6066666666666667,0.8744444444444446,0.6144444444444445
wave_benchmark_0965.csv,0.8444444444444444,0.71,0.86,0.7277777777777776
wave_benchmark_0966.csv,0.9688888888888889,0.7066666666666667,0.9777777777777777,0.7766666666666666
wave_benchmark_0967.csv,0.7655555555555555,0.7855555555555555,0.7277777777777777,0.7566666666666666
wave_benchmark_0968.csv,0.6955555555555556,0.7622222222222221,0.58,0.761111111111111
wave_benchmark_0969.csv,0.7933333333333333,0.9455555555555555,0.7855555555555556,0.9088888888888889
wave_benchmark_0970.csv,0.5777777777777778,0.4944444444444444,0.5777777777777777,0.4522222222222222
wave_benchmark_0971.csv,0.8566666666666667,0.61,0.7755555555555556,0.6377777777777778
wave_benchmark_0972.csv,0.6955555555555556,0.8111111111111111,0.6188888888888889,0.7255555555555555
wave_benchmark_0973.csv,0.9577777777777777,0.7811111111111111,0.9288888888888889,0.8533333333333333
wave_benchmark_0974.csv,0.5822222222222222,0.6477777777777778,0.61,0.5
wave_benchmark_0975.csv,0.9166666666666667,0.711111111111111,0.9266666666666666,0.6966666666666667
wave_benchmark_0976.csv,0.6311111111111111,0.7233333333333334,0.6277777777777778,0.5433333333333333
wave_benchmark_0977.csv,0.7833333333333332,0.5844444444444444,0.7655555555555554,0.6111111111111112
wave_benchmark_0978.csv,0.7644444444444445,0.8122222222222223,0.7177777777777777,0.6633333333333333
wave_benchmark_0979.csv,0.9777777777777777,0.59,0.9888888888888889,0.771111111111111
wave_benchmark_0980.csv,0.44,0.6422222222222222,0.38555555555555554,0.48333333333333334
wave_benchmark_0981.csv,0.661111111111111,0.8155555555555555,0.6877777777777778,0.7366666666666666
wave_benchmark_0982.csv,0.5211111111111111,0.64,0.5977777777777777,0.5144444444444444
wave_benchmark_0983.csv,0.7522222222222222,0.7966666666666667,0.6777777777777777,0.7166666666666667
wave_benchmark_0984.csv,0.7855555555555556,0.6677777777777778,0.7766666666666667,0.5544444444444444
wave_benchmark_0985.csv,0.81,0.6655555555555555,0.8488888888888889,0.7766666666666667
wave_benchmark_0986.csv,0.5966666666666667,0.8755555555555556,0.6455555555555554,0.8233333333333333
wave_benchmark_0987.csv,0.6099999999999999,0.6888888888888889,0.6466666666666666,0.7077777777777777
wave_benchmark_0988.csv,0.9288888888888889,0.8222222222222222,0.9311111111111111,0.8555555555555555
wave_benchmark_0989.csv,0.7222222222222222,0.9388888888888889,0.6366666666666667,0.93
wave_benchmark_0990.csv,0.888888888888889,0.8211111111111111,0.7955555555555556,0.7566666666666666
wave_benchmark_0991.csv,0.7877777777777778,0.5755555555555555,0.8,0.7022222222222222
wave_benchmark_0992.csv,0.6900000000000001,0.6566666666666666,0.66,0.7766666666666667
wave_benchmark_0993.csv,0.9411111111111111,0.9322222222222223,0.9144444444444445,0.9555555555555556
wave_benchmark_0994.csv,0.9566666666666667,0.9277777777777778,0.9555555555555555,0.9411111111111111
wave_benchmark_0995.csv,0.6777777777777777,0.6422222222222222,0.7022222222222222,0.7866666666666666
wave_benchmark_0996.csv,0.63,0.5955555555555556,0.58,0.7177777777777777
wave_benchmark_0997.csv,0.8011111111111111,0.8200000000000001,0.6877777777777778,0.7766666666666667
wave_benchmark_0998.csv,0.9133333333333333,0.7788888888888889,0.9333333333333333,0.7522222222222221
wave_benchmark_0999.csv,0.7833333333333333,0.7755555555555556,0.8566666666666667,0.7533333333333334
wave_benchmark_1000.csv,0.8666666666666667,0.7288888888888889,0.8655555555555556,0.7822222222222222
wave_benchmark_1001.csv,0.7122222222222222,0.8688888888888889,0.6677777777777778,0.7811111111111111
wave_benchmark_1002.csv,0.6966666666666667,0.9188888888888889,0.6666666666666666,0.8633333333333334
wave_benchmark_1003.csv,0.7999999999999999,0.7366666666666667,0.8111111111111111,0.8311111111111111
wave_benchmark_1004.csv,0.8655555555555555,0.7888888888888888,0.8877777777777777,0.7855555555555556
wave_benchmark_1005.csv,0.9177777777777778,0.7177777777777778,0.9211111111111111,0.7911111111111112
wave_benchmark_1006.csv,0.7233333333333333,0.6399999999999999,0.6888888888888889,0.69
wave_benchmark_1007.csv,0.7288888888888888,0.8111111111111111,0.7077777777777777,0.7899999999999999
wave_benchmark_1008.csv,0.7133333333333333,0.7466666666666667,0.7644444444444445,0.7644444444444445
wave_benchmark_1009.csv,0.7899999999999999,0.5266666666666666,0.8299999999999998,0.6266666666666666
wave_benchmark_1010.csv,0.6677777777777777,0.6333333333333334,0.6577777777777778,0.5233333333333332
wave_benchmark_1011.csv,0.8788888888888888,0.75,0.8477777777777779,0.7388888888888888
wave_benchmark_1012.csv,0.7155555555555555,0.771111111111111,0.7122222222222222,0.7755555555555556
wave_benchmark_1013.csv,0.6444444444444444,0.5711111111111111,0.5633333333333332,0.5233333333333333
wave_benchmark_1014.csv,0.9,0.8,0.8733333333333334,0.8444444444444443
wave_benchmark_1015.csv,0.98,0.7522222222222222,0.9888888888888889,0.81
wave_benchmark_1016.csv,0.5622222222222222,0.8066666666666668,0.6222222222222222,0.6622222222222222
wave_benchmark_1017.csv,0.9322222222222221,0.8911111111111111,0.9077777777777778,0.8888888888888888
wave_benchmark_1018.csv,0.7477777777777779,0.4288888888888889,0.731111111111111,0.4
wave_benchmark_1019.csv,0.8177777777777777,0.8044444444444444,0.8088888888888888,0.8777777777777778
wave_benchmark_1020.csv,0.8833333333333333,0.7,0.8588888888888888,0.7566666666666666
wave_benchmark_1021.csv,0.6055045871559632,0.3853211009174312,0.6513761467889908,0.6697247706422018
wave_benchmark_1022.csv,0.15454545454545454,0.5363636363636364,0.32727272727272727,0.5
wave_benchmark_1023.csv,0.6788990825688073,0.7889908256880733,0.7247706422018348,0.7889908256880733
wave_benchmark_1024.csv,0.045454545454545414,0.19999999999999996,0.18181818181818177,0.34545454545454546
wave_benchmark_1025.csv,0.4036697247706422,0.1009174311926605,0.5412844036697247,0.3486238532110092
wave_benchmark_1026.csv,0.4363636363636364,0.8090909090909091,0.5818181818181818,0.6727272727272727
wave_benchmark_1027.csv,0.36036036036036034,0.7927927927927928,0.5405405405405406,0.6846846846846847
wave_benchmark_1028.csv,0.35185185185185186,0.5833333333333333,0.4907407407407407,0.6481481481481481
wave_benchmark_1029.csv,0.04587155963302747,0.09174311926605505,0.08256880733944949,0.15596330275229353
wave_benchmark_1030.csv,0.027272727272727226,0.15454545454545454,0.09090909090909094,0.10909090909090913
wave_benchmark_1031.csv,0.8454545454545455,0.8181818181818181,0.8636363636363636,0.8909090909090909
wave_benchmark_1032.csv,0.5727272727272728,0.6545454545454545,0.509090909090909,0.5727272727272728
wave_benchmark_1033.csv,0.9174311926605505,0.3486238532110092,0.9357798165137614,0.37614678899082565
wave_benchmark_1034.csv,0.13761467889908252,0.24770642201834858,0.2660550458715596,0.2018348623853211
wave_benchmark_1035.csv,0.1651376146788991,0.09174311926605505,0.07339449541284404,0.03669724770642202
wave_benchmark_1036.csv,0.44036697247706424,0.5688073394495412,0.45871559633027525,0.47706422018348627
wave_benchmark_1037.csv,0.8272727272727273,1.0,0.8181818181818181,0.8818181818181818
wave_benchmark_1038.csv,0.9818181818181818,0.9090909090909091,0.990909090909091,1.0
wave_benchmark_1039.csv,0.3727272727272727,0.44545454545454544,0.49090909090909096,0.36363636363636365
wave_benchmark_1040.csv,0.7064220183486238,0.926605504587156,0.7339449541284404,0.8440366972477065
wave_benchmark_1061.csv,0.6513761467889908,0.926605504587156,0.7155963302752293,0.8440366972477065
wave_benchmark_1062.csv,0.045454545454545414,0.19999999999999996,0.07272727272727275,0.0636363636363636
wave_benchmark_1063.csv,0.30000000000000004,0.08181818181818179,0.5272727272727273,0.18181818181818177
wave_benchmark_1064.csv,0.2222222222222222,0.20370370370370372,0.2870370370370371,0.5092592592592593
wave_benchmark_1065.csv,0.6272727272727272,0.7727272727272727,0.7636363636363637,0.8181818181818181
wave_benchmark_1066.csv,0.13636363636363635,0.11818181818181817,0.1454545454545455,0.08181818181818179
wave_benchmark_1067.csv,0.15454545454545454,0.36363636363636365,0.4636363636363636,0.5363636363636364
wave_benchmark_1068.csv,0.5137614678899083,0.14678899082568808,0.3211009174311926,0.25688073394495414
wave_benchmark_1069.csv,0.8454545454545455,0.990909090909091,0.9090909090909091,0.9181818181818182
wave_benchmark_1070.csv,0.26363636363636367,0.09999999999999998,0.1636363636363637,0.2727272727272727
wave_benchmark_1071.csv,0.5454545454545454,0.13636363636363635,0.509090909090909,0.09999999999999998
wave_benchmark_1072.csv,0.3302752293577982,0.1834862385321101,0.5137614678899083,0.37614678899082565
wave_benchmark_1073.csv,0.8165137614678899,0.981651376146789,0.8623853211009174,0.9174311926605505
wave_benchmark_1074.csv,0.0,0.0636363636363636,0.2909090909090909,0.0636363636363636
wave_benchmark_1075.csv,0.15596330275229353,0.07339449541284404,0.19266055045871555,0.1834862385321101
wave_benchmark_1076.csv,0.3909090909090909,0.32727272727272727,0.4181818181818182,0.5909090909090908
wave_benchmark_1077.csv,0.47706422018348627,0.3302752293577982,0.4311926605504587,0.5321100917431192
wave_benchmark_1078.csv,0.07272727272727275,0.0636363636363636,0.09999999999999998,0.10909090909090913
wave_benchmark_1079.csv,0.14414414414414412,0.16216216216216217,0.14414414414414412,0.14414414414414412
wave_benchmark_1080.csv,0.04587155963302747,0.17431192660550454,0.09174311926605505,0.2018348623853211
wave_benchmark_1201.csv,0.7511111111111111,0.656,0.6773333333333333,0.6764444444444444
wave_benchmark_1202.csv,0.618,0.6188888888888888,0.5937777777777777,0.5724444444444445
wave_benchmark_1203.csv,0.6715555555555555,0.6455555555555555,0.628,0.5908888888888888
wave_benchmark_1204.csv,0.6544444444444445,0.6735555555555556,0.6013333333333334,0.6093333333333334
wave_benchmark_1205.csv,0.7917777777777777,0.7028888888888889,0.7551111111111112,0.6564444444444444
wave_benchmark_1206.csv,0.8455555555555556,0.7486666666666667,0.84,0.7339999999999999
wave_benchmark_1207.csv,0.7668888888888888,0.6328888888888888,0.798,0.6508888888888889
wave_benchmark_1208.csv,0.7513333333333333,0.758,0.7157777777777777,0.7515555555555555
wave_benchmark_1209.csv,0.7455555555555555,0.8206666666666667,0.7042222222222222,0.7597777777777778
wave_benchmark_1210.csv,0.7544444444444445,0.5826666666666667,0.7397777777777779,0.5811111111111111
wave_benchmark_1211.csv,0.66,0.7108888888888889,0.6075555555555556,0.6533333333333333
wave_benchmark_1212.csv,0.8102222222222222,0.6484444444444444,0.77,0.6173333333333333
wave_benchmark_1213.csv,0.7737777777777777,0.7273333333333333,0.778,0.7106666666666667
wave_benchmark_1214.csv,0.6668888888888889,0.6753333333333333,0.6582222222222223,0.6457777777777778
wave_benchmark_1215.csv,0.5893333333333333,0.6468888888888888,0.524888888888889,0.5188888888888888
wave_benchmark_1216.csv,0.7246666666666667,0.7662222222222222,0.7328888888888889,0.6924444444444444
wave_benchmark_1217.csv,0.6953333333333334,0.7626666666666666,0.6464444444444445,0.6542222222222223
wave_benchmark_1218.csv,0.7437777777777778,0.6771111111111111,0.7168888888888889,0.6706666666666667
wave_benchmark_1219.csv,0.7502222222222222,0.49666666666666665,0.7428888888888889,0.5488888888888889
wave_benchmark_1220.csv,0.7617777777777778,0.7735555555555556,0.7164444444444444,0.7735555555555556
wave_benchmark_1221.csv,0.7144444444444444,0.7277777777777777,0.7071111111111111,0.7375555555555555
wave_benchmark_1222.csv,0.6728888888888889,0.7866666666666666,0.6828888888888889,0.7328888888888889
wave_benchmark_1223.csv,0.6886666666666668,0.7124444444444444,0.6628888888888889,0.6502222222222223
wave_benchmark_1224.csv,0.8013333333333333,0.7373333333333334,0.782,0.692
wave_benchmark_1225.csv,0.7631111111111112,0.7753333333333333,0.7386666666666666,0.7737777777777778
wave_benchmark_1226.csv,0.7497777777777779,0.7228888888888889,0.7573333333333334,0.7017777777777778
wave_benchmark_1227.csv,0.6891111111111111,0.7673333333333334,0.6584444444444445,0.6626666666666667
wave_benchmark_1228.csv,0.5962222222222222,0.6831111111111111,0.5904444444444444,0.5875555555555556
wave_benchmark_1229.csv,0.568,0.6695555555555556,0.558,0.6133333333333333
wave_benchmark_1230.csv,0.6117777777777778,0.6968888888888889,0.5908888888888888,0.6164444444444445
wave_benchmark_1231.csv,0.5906666666666667,0.7928888888888889,0.5544444444444444,0.7137777777777778
wave_benchmark_1232.csv,0.7593333333333333,0.7675555555555555,0.7142222222222221,0.6386666666666666
wave_benchmark_1233.csv,0.7286666666666667,0.7435555555555556,0.7048888888888889,0.7446666666666667
wave_benchmark_1234.csv,0.7424444444444445,0.8668888888888888,0.6697777777777778,0.7751111111111111
wave_benchmark_1235.csv,0.6951111111111111,0.7555555555555555,0.6553333333333333,0.6882222222222223
wave_benchmark_1236.csv,0.632888888888889,0.79,0.6153333333333334,0.7331111111111112
wave_benchmark_1237.csv,0.654,0.688,0.6091111111111112,0.6117777777777778
wave_benchmark_1238.csv,0.741111111111111,0.7013333333333334,0.7477777777777777,0.6748888888888889
wave_benchmark_1239.csv,0.7053333333333334,0.7879999999999999,0.6937777777777778,0.7415555555555556
wave_benchmark_1240.csv,0.7455555555555555,0.7175555555555555,0.762,0.7044444444444444
wave_benchmark_1241.csv,0.6482222222222221,0.5346666666666666,0.6124444444444445,0.47200000000000003
wave_benchmark_1242.csv,0.6282222222222222,0.6662222222222223,0.6088888888888888,0.6471111111111111
wave_benchmark_1243.csv,0.7124444444444444,0.7097777777777778,0.6684444444444445,0.648888888888889
wave_benchmark_1244.csv,0.6773333333333333,0.733111111111111,0.6686666666666666,0.6268888888888888
wave_benchmark_1245.csv,0.6822222222222222,0.7057777777777777,0.6786666666666666,0.7086666666666668
wave_benchmark_1246.csv,0.5744444444444444,0.638,0.526,0.5817777777777777
wave_benchmark_1247.csv,0.7271111111111112,0.6108888888888888,0.7093333333333334,0.6624444444444444
wave_benchmark_1248.csv,0.7002222222222222,0.6282222222222222,0.7188888888888889,0.5266666666666666
wave_benchmark_1249.csv,0.7977777777777778,0.6046666666666667,0.788,0.7068888888888889
wave_benchmark_1250.csv,0.7766666666666667,0.7233333333333334,0.7786666666666667,0.7528888888888888
wave_benchmark_1251.csv,0.7866666666666666,0.7366666666666667,0.7742222222222223,0.7046666666666667
wave_benchmark_1252.csv,0.6857777777777778,0.7064444444444444,0.6617777777777778,0.6462222222222223
wave_benchmark_1253.csv,0.8217777777777777,0.7884444444444443,0.7797777777777777,0.6991111111111111
wave_benchmark_1254.csv,0.7022222222222222,0.6537777777777778,0.6891111111111112,0.6313333333333334
wave_benchmark_1255.csv,0.6631111111111111,0.5368888888888889,0.6408888888888888,0.5562222222222223
wave_benchmark_1256.csv,0.8466666666666667,0.7664444444444445,0.84,0.7611111111111111
wave_benchmark_1257.csv,0.8413333333333334,0.7148888888888889,0.8284444444444445,0.6653333333333333
wave_benchmark_1258.csv,0.7891111111111111,0.7015555555555556,0.774888888888889,0.6706666666666667
wave_benchmark_1259.csv,0.6366666666666667,0.6402222222222222,0.5793333333333333,0.5542222222222222
wave_benchmark_1260.csv,0.7246666666666667,0.664888888888889,0.6724444444444444,0.652
wave_benchmark_1261.csv,0.7328888888888889,0.6402222222222222,0.6902222222222222,0.6284444444444444
wave_benchmark_1262.csv,0.7004444444444445,0.7637777777777778,0.6768888888888889,0.6873333333333334
wave_benchmark_1263.csv,0.764888888888889,0.7895555555555556,0.741111111111111,0.6971111111111111
wave_benchmark_1264.csv,0.8268888888888889,0.7413333333333334,0.7871111111111111,0.7177777777777778
wave_benchmark_1265.csv,0.6902222222222222,0.6368888888888888,0.7126666666666667,0.5657777777777777
wave_benchmark_1266.csv,0.7657777777777778,0.6846666666666666,0.7795555555555556,0.6713333333333334
wave_benchmark_1267.csv,0.7242222222222221,0.8228888888888888,0.6931111111111111,0.788
wave_benchmark_1268.csv,0.7233333333333334,0.6606666666666665,0.667111111111111,0.6402222222222222
wave_benchmark_1269.csv,0.7662222222222221,0.7722222222222223,0.7493333333333333,0.7673333333333333
wave_benchmark_1270.csv,0.6706666666666667,0.5920000000000001,0.6382222222222221,0.5446666666666666
wave_benchmark_1271.csv,0.7191111111111111,0.7055555555555555,0.7342222222222223,0.6526666666666666
wave_benchmark_1272.csv,0.7046666666666668,0.6526666666666666,0.7006666666666667,0.6020000000000001
wave_benchmark_1273.csv,0.7302222222222222,0.6162222222222222,0.6515555555555556,0.5735555555555556
wave_benchmark_1274.csv,0.754,0.7148888888888889,0.746,0.6424444444444444
wave_benchmark_1275.csv,0.6655555555555556,0.650888888888889,0.6051111111111112,0.6415555555555555
wave_benchmark_1276.csv,0.7153333333333334,0.6746666666666666,0.7131111111111111,0.5800000000000001
wave_benchmark_1277.csv,0.7362222222222221,0.6555555555555556,0.6533333333333333,0.5904444444444444
wave_benchmark_1278.csv,0.7164444444444444,0.762888888888889,0.7113333333333334,0.6962222222222223
wave_benchmark_1279.csv,0.758,0.6293333333333333,0.7151111111111111,0.6008888888888889
wave_benchmark_1280.csv,0.6217777777777778,0.6302222222222222,0.5868888888888888,0.5895555555555556
wave_benchmark_1281.csv,0.8686666666666667,0.7617777777777778,0.8226666666666667,0.7804444444444445
wave_benchmark_1282.csv,0.6342222222222222,0.7715555555555556,0.6182222222222222,0.7166666666666667
wave_benchmark_1283.csv,0.718,0.7573333333333334,0.7224444444444444,0.7726666666666667
wave_benchmark_1284.csv,0.6779999999999999,0.7602222222222222,0.6673333333333333,0.735111111111111
wave_benchmark_1285.csv,0.7068888888888888,0.7915555555555556,0.6817777777777778,0.7213333333333334
wave_benchmark_1286.csv,0.6882222222222223,0.682,0.738,0.6542222222222223
wave_benchmark_1287.csv,0.7704444444444444,0.7273333333333334,0.7633333333333334,0.729111111111111
wave_benchmark_1288.csv,0.7493333333333334,0.7677777777777778,0.7071111111111111,0.6748888888888889
wave_benchmark_1289.csv,0.715111111111111,0.6524444444444444,0.7188888888888889,0.6171111111111112
wave_benchmark_1290.csv,0.7628888888888888,0.738,0.7842222222222222,0.7622222222222221
wave_benchmark_1291.csv,0.6551111111111112,0.7677777777777778,0.6373333333333333,0.7073333333333334
wave_benchmark_1292.csv,0.6922222222222223,0.7011111111111111,0.6537777777777778,0.6664444444444444
wave_benchmark_1293.csv,0.5997777777777777,0.5986666666666666,0.5462222222222222,0.5617777777777778
wave_benchmark_1294.csv,0.6591111111111111,0.7917777777777778,0.6531111111111111,0.6791111111111111
wave_benchmark_1295.csv,0.8782222222222222,0.7011111111111111,0.8753333333333333,0.7682222222222223
wave_benchmark_1296.csv,0.7797777777777778,0.7564444444444445,0.7508888888888888,0.7833333333333333
wave_benchmark_1297.csv,0.833111111111111,0.7866666666666667,0.8146666666666667,0.8102222222222222
wave_benchmark_1298.csv,0.726,0.7606666666666666,0.6966666666666667,0.6924444444444444
wave_benchmark_1299.csv,0.7511111111111112,0.7615555555555555,0.7186666666666667,0.7144444444444444
wave_benchmark_1300.csv,0.7824444444444444,0.7626666666666666,0.772888888888889,0.7642222222222222
wave_benchmark_1301.csv,0.6473333333333332,0.6906666666666667,0.6528888888888889,0.7013333333333334
wave_benchmark_1302.csv,0.6726666666666667,0.7733333333333333,0.6711111111111111,0.6566666666666667
wave_benchmark_1303.csv,0.6975555555555556,0.734,0.6639999999999999,0.6533333333333333
wave_benchmark_1304.csv,0.7237777777777777,0.6926666666666668,0.7,0.6582222222222223
wave_benchmark_1305.csv,0.7995555555555556,0.7297777777777777,0.7675555555555555,0.7193333333333334
wave_benchmark_1306.csv,0.7775555555555556,0.7651111111111112,0.7246666666666666,0.7435555555555555
wave_benchmark_1307.csv,0.711111111111111,0.6746666666666666,0.671111111111111,0.6586666666666666
wave_benchmark_1308.csv,0.7622222222222222,0.5997777777777777,0.7000000000000001,0.6104444444444445
wave_benchmark_1309.csv,0.7377777777777778,0.6997777777777778,0.715111111111111,0.6628888888888889
wave_benchmark_1310.csv,0.6928888888888889,0.716,0.6762222222222223,0.6508888888888889
wave_benchmark_1311.csv,0.6235555555555556,0.7088888888888889,0.5744444444444444,0.6711111111111112
wave_benchmark_1312.csv,0.7117777777777778,0.6162222222222222,0.7097777777777778,0.5484444444444444
wave_benchmark_1313.csv,0.6391111111111111,0.7173333333333334,0.5795555555555556,0.5848888888888889
wave_benchmark_1314.csv,0.6277777777777778,0.7742222222222221,0.579111111111111,0.6633333333333333
wave_benchmark_1315.csv,0.6877777777777778,0.7508888888888889,0.6784444444444444,0.6733333333333333
wave_benchmark_1316.csv,0.722,0.6331111111111111,0.6728888888888889,0.6242222222222222
wave_benchmark_1317.csv,0.7028888888888888,0.7151111111111111,0.7035555555555555,0.6237777777777778
wave_benchmark_1318.csv,0.6431111111111111,0.7404444444444445,0.654,0.6948888888888889
wave_benchmark_1319.csv,0.6244444444444444,0.7404444444444445,0.6155555555555556,0.6920000000000001
wave_benchmark_1320.csv,0.5953333333333334,0.5435555555555556,0.5511111111111111,0.4626666666666667
wave_benchmark_1326.csv,0.4781420765027322,0.4508196721311475,0.4494535519125683,0.49453551912568305
wave_benchmark_1327.csv,0.2837465564738292,0.34435261707988984,0.2727272727272727,0.28512396694214875
wave_benchmark_1328.csv,0.489159891598916,0.3861788617886179,0.5135501355013551,0.5609756097560976
wave_benchmark_1329.csv,0.21639784946236557,0.26344086021505375,0.19892473118279566,0.2983870967741935
wave_benchmark_1330.csv,0.49583333333333335,0.5583333333333333,0.5375,0.5486111111111112
wave_benchmark_1331.csv,0.4583333333333333,0.5954301075268817,0.5228494623655913,0.5228494623655914
wave_benchmark_1332.csv,0.26229508196721313,0.44535519125683065,0.33606557377049184,0.4385245901639344
wave_benchmark_1333.csv,0.5772357723577236,0.6341463414634146,0.6355013550135502,0.6368563685636857
wave_benchmark_1334.csv,0.5619834710743802,0.4104683195592287,0.5151515151515151,0.4090909090909091
wave_benchmark_1335.csv,0.3128415300546448,0.4972677595628415,0.4057377049180328,0.40573770491803285
wave_benchmark_1501.csv,0.6255555555555555,0.5887878787878789,0.5962626262626263,0.5734343434343434
wave_benchmark_1502.csv,0.6936363636363636,0.6411111111111111,0.6287878787878788,0.6078787878787879
wave_benchmark_1503.csv,0.7201010101010101,0.6891919191919191,0.6443434343434343,0.6515151515151516
wave_benchmark_1504.csv,0.7255555555555555,0.6865656565656565,0.6934343434343435,0.6601010101010101
wave_benchmark_1505.csv,0.6214141414141414,0.6217171717171717,0.5409090909090909,0.5818181818181819
wave_benchmark_1506.csv,0.7268686868686869,0.6137373737373737,0.6265656565656565,0.5958585858585859
wave_benchmark_1507.csv,0.6413131313131313,0.6248484848484849,0.5954545454545455,0.5456565656565657
wave_benchmark_1508.csv,0.6164646464646466,0.5724242424242425,0.5588888888888889,0.5439393939393941
wave_benchmark_1509.csv,0.5544444444444445,0.5720202020202021,0.5283838383838384,0.5059595959595959
wave_benchmark_1510.csv,0.7494949494949494,0.62010101010101,0.7097979797979799,0.6456565656565657
wave_benchmark_1511.csv,0.67989898989899,0.6838383838383838,0.6180808080808081,0.6086868686868687
wave_benchmark_1512.csv,0.5958585858585859,0.7110101010101011,0.5311111111111111,0.6333333333333334
wave_benchmark_1513.csv,0.7531313131313131,0.7107070707070707,0.7143434343434344,0.6691919191919192
wave_benchmark_1514.csv,0.6418181818181817,0.606060606060606,0.5870707070707071,0.5893939393939395
wave_benchmark_1515.csv,0.5906060606060606,0.6426262626262627,0.5432323232323232,0.5826262626262626
wave_benchmark_1516.csv,0.7576767676767676,0.7474747474747475,0.6975757575757576,0.7237373737373737
wave_benchmark_1517.csv,0.678989898989899,0.5571717171717172,0.6278787878787879,0.580909090909091
wave_benchmark_1518.csv,0.6765656565656566,0.7404040404040404,0.6493939393939394,0.6851515151515152
wave_benchmark_1519.csv,0.6586868686868687,0.6305050505050505,0.6122222222222222,0.6162626262626263
wave_benchmark_1520.csv,0.6558585858585858,0.6362626262626262,0.6032323232323232,0.6556565656565657
wave_benchmark_1521.csv,0.6646464646464647,0.6525252525252526,0.6626262626262627,0.6385858585858586
wave_benchmark_1522.csv,0.6607070707070707,0.581010101010101,0.6092929292929292,0.5554545454545454
wave_benchmark_1523.csv,0.7109090909090909,0.7047474747474747,0.6605050505050505,0.7152525252525253
wave_benchmark_1524.csv,0.6481818181818182,0.6246464646464647,0.6666666666666666,0.5898989898989899
wave_benchmark_1525.csv,0.7363636363636363,0.6819191919191919,0.7026262626262627,0.6526262626262627
wave_benchmark_1526.csv,0.7125252525252526,0.7886868686868687,0.6830303030303031,0.7607070707070707
wave_benchmark_1527.csv,0.649090909090909,0.7184848484848485,0.6026262626262626,0.6544444444444445
wave_benchmark_1528.csv,0.6314141414141414,0.7062626262626263,0.6151515151515151,0.6573737373737374
wave_benchmark_1529.csv,0.6711111111111111,0.7178787878787879,0.6474747474747474,0.6426262626262627
wave_benchmark_1530.csv,0.7281818181818182,0.705050505050505,0.706969696969697,0.6416161616161615
wave_benchmark_1531.csv,0.7402020202020202,0.6631313131313131,0.7258585858585859,0.6455555555555557
wave_benchmark_1532.csv,0.7501010101010102,0.6922222222222222,0.6809090909090909,0.6748484848484848
wave_benchmark_1533.csv,0.7008080808080808,0.7496969696969696,0.6768686868686868,0.688989898989899
wave_benchmark_1534.csv,0.7524242424242424,0.7581818181818182,0.7255555555555555,0.7577777777777778
wave_benchmark_1535.csv,0.717979797979798,0.7247474747474748,0.6944444444444445,0.6852525252525252
wave_benchmark_1536.csv,0.6954545454545454,0.7606060606060605,0.6877777777777777,0.734040404040404
wave_benchmark_1537.csv,0.7014141414141415,0.7227272727272727,0.6663636363636364,0.704949494949495
wave_benchmark_1538.csv,0.756969696969697,0.638888888888889,0.6994949494949495,0.6127272727272728
wave_benchmark_1539.csv,0.6421212121212121,0.65,0.5874747474747475,0.603030303030303
wave_benchmark_1540.csv,0.7197979797979799,0.7084848484848485,0.6541414141414141,0.6586868686868688
wave_benchmark_1541.csv,0.6882828282828283,0.6943434343434343,0.6513131313131313,0.6332323232323233
wave_benchmark_1542.csv,0.704848484848485,0.667070707070707,0.6713131313131313,0.6405050505050505
wave_benchmark_1543.csv,0.6672727272727272,0.5708080808080808,0.6348484848484849,0.5907070707070706
wave_benchmark_1544.csv,0.686868686868687,0.6677777777777778,0.64,0.6583838383838384
wave_benchmark_1545.csv,0.7186868686868688,0.6663636363636364,0.6692929292929293,0.6452525252525253
wave_benchmark_1551.csv,0.6076767676767677,0.6241414141414141,0.5703030303030303,0.5860606060606061
wave_benchmark_1552.csv,0.6719191919191919,0.7844444444444444,0.6161616161616161,0.7195959595959596
wave_benchmark_1553.csv,0.6124242424242425,0.6760606060606061,0.5787878787878789,0.6266666666666667
wave_benchmark_1554.csv,0.6152525252525253,0.5867676767676768,0.5494949494949495,0.5856565656565657
wave_benchmark_1555.csv,0.6463636363636365,0.6627272727272727,0.5835353535353536,0.5800000000000001
wave_benchmark_1556.csv,0.6761616161616162,0.701010101010101,0.6525252525252525,0.6577777777777778
wave_benchmark_1557.csv,0.7032323232323232,0.7202020202020202,0.6780808080808081,0.676969696969697
wave_benchmark_1558.csv,0.6584848484848485,0.5389898989898989,0.5967676767676768,0.5535353535353535
wave_benchmark_1559.csv,0.6748484848484848,0.6248484848484848,0.5902020202020202,0.5905050505050504
wave_benchmark_1560.csv,0.6779797979797979,0.6313131313131314,0.6248484848484849,0.603939393939394
wave_benchmark_1561.csv,0.7386868686868686,0.7156565656565657,0.6827272727272727,0.6822222222222222
wave_benchmark_1562.csv,0.7206060606060607,0.7596969696969696,0.6344444444444444,0.7094949494949494
wave_benchmark_1563.csv,0.7094949494949495,0.6034343434343435,0.626969696969697,0.603939393939394
wave_benchmark_1564.csv,0.6267676767676768,0.7053535353535354,0.5697979797979797,0.5993939393939394
wave_benchmark_1565.csv,0.6452525252525253,0.6240404040404041,0.6213131313131313,0.5726262626262626
wave_benchmark_1566.csv,0.658989898989899,0.6695959595959595,0.6141414141414141,0.6205050505050504
wave_benchmark_1567.csv,0.5816161616161616,0.5998989898989898,0.5298989898989899,0.5471717171717172
wave_benchmark_1568.csv,0.6630303030303031,0.6607070707070707,0.600909090909091,0.5671717171717172
wave_benchmark_1569.csv,0.6327272727272727,0.6387878787878788,0.5923232323232323,0.588989898989899
wave_benchmark_1570.csv,0.7509090909090909,0.7047474747474747,0.7083838383838383,0.6867676767676768
wave_benchmark_1571.csv,0.6646464646464647,0.6080808080808081,0.5723232323232323,0.5167676767676768
wave_benchmark_1572.csv,0.6670707070707071,0.6730303030303031,0.603030303030303,0.6007070707070706
wave_benchmark_1573.csv,0.6675757575757576,0.608080808080808,0.6078787878787879,0.5995959595959597
wave_benchmark_1574.csv,0.6464646464646465,0.6171717171717173,0.5755555555555555,0.5876767676767677
wave_benchmark_1575.csv,0.6304040404040404,0.6380808080808081,0.5876767676767677,0.5863636363636364
wave_benchmark_1576.csv,0.6243434343434343,0.6194949494949495,0.5888888888888889,0.6042424242424242
wave_benchmark_1577.csv,0.611919191919192,0.6364646464646465,0.5717171717171716,0.6018181818181818
wave_benchmark_1578.csv,0.6465656565656566,0.6204040404040403,0.5593939393939396,0.5884848484848485
wave_benchmark_1579.csv,0.674949494949495,0.8155555555555556,0.6370707070707071,0.7026262626262626
wave_benchmark_1580.csv,0.6746464646464647,0.676060606060606,0.6010101010101011,0.6648484848484848
wave_benchmark_1586.csv,0.6315151515151515,0.6443434343434344,0.5818181818181818,0.626969696969697
wave_benchmark_1587.csv,0.6296969696969698,0.691010101010101,0.5617171717171716,0.6061616161616161
wave_benchmark_1588.csv,0.7750505050505051,0.6965656565656565,0.7274747474747475,0.7204040404040404
wave_benchmark_1589.csv,0.712020202020202,0.7124242424242424,0.686969696969697,0.6583838383838384
wave_benchmark_1590.csv,0.7618181818181817,0.7145454545454546,0.7066666666666667,0.6892929292929293
wave_benchmark_1591.csv,0.694040404040404,0.6655555555555556,0.6765656565656566,0.6118181818181818
wave_benchmark_1592.csv,0.7098989898989899,0.7553535353535354,0.660909090909091,0.7179797979797979
wave_benchmark_1593.csv,0.6822222222222223,0.7956565656565657,0.6691919191919192,0.7266666666666667
wave_benchmark_1594.csv,0.7147474747474748,0.7496969696969696,0.6931313131313132,0.7208080808080809
wave_benchmark_1595.csv,0.6290909090909091,0.7486868686868686,0.5654545454545454,0.683939393939394
wave_benchmark_1596.csv,0.7333333333333334,0.7761616161616162,0.7222222222222222,0.746969696969697
wave_benchmark_1597.csv,0.684040404040404,0.6058585858585859,0.6658585858585858,0.6347474747474747
wave_benchmark_1598.csv,0.6764646464646465,0.7209090909090909,0.612929292929293,0.6355555555555555
wave_benchmark_1599.csv,0.6906060606060607,0.7022222222222222,0.6835353535353536,0.6235353535353536
wave_benchmark_1600.csv,0.7384848484848485,0.7006060606060607,0.7480808080808081,0.693030303030303
wave_benchmark_1601.csv,0.5844444444444443,0.6797979797979798,0.5756565656565656,0.6225252525252525
wave_benchmark_1602.csv,0.647979797979798,0.7145454545454546,0.6211111111111112,0.6514141414141413
wave_benchmark_1603.csv,0.6264646464646465,0.6753535353535354,0.5680808080808081,0.5896969696969697
wave_benchmark_1604.csv,0.6522222222222224,0.516060606060606,0.5786868686868687,0.5418181818181819
wave_benchmark_1605.csv,0.5608080808080809,0.5688888888888889,0.5265656565656566,0.5404040404040404
wave_benchmark_1606.csv,0.5961616161616162,0.6395959595959596,0.5737373737373737,0.6086868686868687
wave_benchmark_1607.csv,0.6644444444444444,0.6263636363636363,0.6364646464646465,0.5944444444444444
wave_benchmark_1608.csv,0.7448484848484849,0.7262626262626263,0.6996969696969698,0.6885858585858586
wave_benchmark_1609.csv,0.7790909090909091,0.7681818181818182,0.7417171717171717,0.7509090909090909
wave_benchmark_1610.csv,0.6865656565656565,0.5886868686868687,0.5856565656565657,0.5797979797979798
wave_benchmark_1611.csv,0.6601010101010101,0.6374747474747475,0.6227272727272727,0.6169696969696971
wave_benchmark_1612.csv,0.6953535353535353,0.726969696969697,0.6396969696969698,0.6441414141414142
wave_benchmark_1613.csv,0.6594949494949495,0.6197979797979798,0.6313131313131313,0.6506060606060606
wave_benchmark_1614.csv,0.667878787878788,0.7305050505050504,0.6297979797979798,0.7005050505050505
wave_benchmark_1615.csv,0.6785858585858586,0.548989898989899,0.6178787878787879,0.5971717171717171
wave_benchmark_1616.csv,0.6353535353535353,0.6153535353535353,0.6213131313131313,0.6137373737373737
wave_benchmark_1617.csv,0.7449494949494949,0.6852525252525253,0.6795959595959596,0.6934343434343434
wave_benchmark_1618.csv,0.5601010101010101,0.6556565656565658,0.48323232323232324,0.5747474747474748
wave_benchmark_1619.csv,0.768989898989899,0.6781818181818181,0.7047474747474747,0.6654545454545455
wave_benchmark_1620.csv,0.668989898989899,0.6739393939393938,0.6155555555555556,0.6462626262626263
wave_benchmark_1621.csv,0.3333333333333333,0.48057553956834526,0.41199040767386086,0.5213429256594724
wave_benchmark_1622.csv,0.4287769784172662,0.5597122302158273,0.4119904076738609,0.49304556354916074
wave_benchmark_1623.csv,0.1352112676056338,0.3375586854460094,0.20892018779342725,0.29859154929577464
wave_benchmark_1624.csv,0.47632850241545893,0.6347826086956522,0.5159420289855072,0.6111111111111112
wave_benchmark_1625.csv,0.38743961352657,0.4864734299516908,0.5154589371980676,0.5193236714975846
wave_benchmark_1626.csv,0.36982968369829683,0.4549878345498783,0.39659367396593675,0.4389294403892944
wave_benchmark_1627.csv,0.4,0.539047619047619,0.4404761904761904,0.46380952380952384
wave_benchmark_1628.csv,0.4661904761904761,0.5352380952380953,0.5066666666666667,0.4876190476190476
wave_benchmark_1629.csv,0.3980535279805353,0.4851581508515815,0.42481751824817515,0.4004866180048662
wave_benchmark_1630.csv,0.2867132867132867,0.47692307692307695,0.344988344988345,0.3776223776223776
wave_benchmark_1631.csv,0.366903073286052,0.43356973995271864,0.40283687943262414,0.40283687943262414
wave_benchmark_1632.csv,0.37937649880095925,0.4494004796163069,0.4426858513189448,0.43932853717026377
wave_benchmark_1633.csv,0.36211031175059955,0.48489208633093517,0.40047961630695444,0.45803357314148674
wave_benchmark_1634.csv,0.2803782505910165,0.4614657210401891,0.33427895981087463,0.39196217494089836
wave_benchmark_1635.csv,0.3899280575539569,0.6436450839328538,0.3985611510791367,0.5141486810551559
wave_benchmark_1636.csv,0.4201438848920863,0.6302158273381295,0.4733812949640288,0.5419664268585132
wave_benchmark_1637.csv,0.30732860520094557,0.5092198581560283,0.3361702127659575,0.3829787234042553
wave_benchmark_1638.csv,0.319047619047619,0.5747619047619048,0.37190476190476185,0.4552380952380952
wave_benchmark_1639.csv,0.4671532846715329,0.6554744525547446,0.5518248175182482,0.6360097323600973
wave_benchmark_1640.csv,0.4412470023980815,0.5194244604316547,0.48489208633093517,0.5410071942446043
